movie_id,person_id
840464,76422
1368166,116805
1168190,1500758
1315303,100734
1084242,1318201
1084242,76595
1317288,129561
1242898,568322
83533,2710
1234731,1211000
858024,1395183
1311031,1283010
1198994,7623
991494,70652
425274,91268
24428,12891
157336,525
680493,8296
803796,3003169
803796,1453550
575265,9033
1246049,59
1054867,4762
269149,76595
269149,165787
19995,2710
1061474,15218
1233413,1056121
76600,2710
156022,20907
1062722,10828
1228246,2103746
1234821,129894
1272837,1795072
1291608,2152816
617126,1212522
27205,525
1218925,1286723
1397364,56194
911430,86270
1223601,145228
155,525
533533,20307
524047,76422
1456349,120229
1214931,20204
634649,1293994
1236153,23430
980477,2367353
1087192,69797
569094,2451598
569094,1046497
569094,89596
438631,137427
798645,11090
335984,137427
872585,525
693134,137427
315635,1293994
361743,86270
177572,70238
177572,227439
533535,17825
299534,19271
299534,19272
639988,10099
346698,45400
99861,12891
1242419,139098
402431,54507
1197306,19769
950387,53925
324857,936670
324857,151007
324857,59918
701387,122423
1078605,84833
354912,8
986056,836732
1220564,1016214
216015,1137903
1100988,2034
414906,32278
475557,57130
1241982,4524084
1241982,1461394
1241982,1513971
496243,21684
1422096,2831618
198663,1179066
541671,3950
552524,1540069
109445,1120694
109445,15774
822119,1301933
122917,108
385687,18865
271110,19272
271110,19271
210577,7467
574475,1181022
574475,1938317
1197137,55499
447365,15218
1038392,1607672
939243,93364
912649,940376
1022789,182001
68718,138
967941,54507
106646,1032
436969,15218
1035259,62854
1184918,66193
1259102,1864582
76341,20629
502356,1719706
502356,113901
429617,1293994
284054,1056121
519182,124748
228150,19769
420818,15277
558449,578
10681,7
49026,525
168259,2127
10138,15277
22949,68573
507089,2103746
244786,136495
263115,366
546554,67367
507086,930707
447273,87742
575264,9033
297762,6884
718930,40684
11324,1032
321612,15557
150540,12890
1726,15277
38757,76595
38757,121830
329865,137427
14160,12890
68721,1108
653346,1179066
675,11343
505642,1056121
945961,932248
283995,15218
762509,92784
152601,5953
299537,53068
299537,53069
453395,7623
49051,108
242582,57113
823464,98631
209112,15217
257344,10965
419430,291263
1007734,235430
49013,7879
1288072,90609
812583,67367
1284120,1480411
545611,1317730
545611,1383612
1175942,1261455
786892,20629
181812,15344
1124620,90609
284053,55934
568124,76595
568124,1318201
16869,138
603692,40644
1071585,1288796
12445,11343
1327862,1053420
447277,17633
346364,1113116
333339,488
315162,1450348
2062,7087
335983,91268
351286,51894
290859,55252
20352,124748
20352,124747
539972,556172
616037,55934
330457,1120694
330457,15774
207703,957
573435,1399841
573435,1399842
324552,40644
1930,87742
1084199,1087245
823219,1328012
298618,1113116
550988,17825
588,8296
82690,165787
324786,2461
12444,11343
767,11343
293660,55252
98566,66739
49521,15217
8966,19850
1865,17633
426063,138781
296096,1096867
36557,10702
181808,67367
559,7623
508442,12890
866398,19769
313369,136495
150689,11181
102651,1032536
497698,93286
637649,956
474350,1113116
675353,93364
205596,77965
1022787,2009739
1022787,1171950
1022787,1684652
350,5065
102899,59026
140607,15344
746036,40684
131631,10943
845781,51851
281338,32278
374720,525
14836,57646
572802,2127
1011477,1674284
127585,9032
120467,5655
281957,223
58,1704
82507,55499
9502,57741
9502,57742
1072790,82511
1124566,71609
87101,47005
370172,87257
46738,137427
260513,7087
10191,66193
10191,69797
37799,7467
138843,2127
524434,1395183
260346,75035
284052,55499
68726,10828
273248,138
339403,11090
12155,510
423108,1607672
458156,40644
39254,17825
353081,9033
316029,1276373
337167,15890
285,1704
402900,23964
270303,558929
508883,608
76492,185438
57800,229962
57800,71729
264660,2036
566525,1144604
77338,84425
77338,84426
882569,956
436270,59521
146233,137427
631843,11614
37724,39
47971,40256
75656,18865
286217,578
337404,50767
38365,17494
72190,12995
1064213,118415
381288,11614
646385,1039527
646385,66681
198184,82194
384018,40684
661374,67367
346910,1108
495764,1936668
454626,93364
787699,101666
110415,21684
102382,87742
8681,35453
273481,137427
293167,236539
1151272,1048523
206647,39
1087891,30310
425909,52443
6977,1223
6977,1224
493922,1145520
18785,57130
62177,126638
62177,59803
604079,10943
420809,20307
301528,84496
419743,1142171
337339,37932
438148,8023
299054,293911
466420,1032
792307,122423
615457,1169024
417859,12098
646380,55710
240832,59
273477,54248
527774,1932178
527774,227439
122906,7018
530385,1145520
1422,1032
870028,77003
291805,54507
1124,525
464052,6884
936108,12098
34851,41671
57158,108
70981,578
1011985,64151
166426,20308
166426,20307
934433,1039527
934433,66681
1160360,935669
398978,1032
166428,69797
177677,9033
82633,53333
76338,47005
667538,1551545
840705,37153
976573,21198
937941,1881494
126889,578
1138194,1317685
1138194,1317686
439079,1401474
810,12098
259316,11343
135397,930707
339846,71600
10195,11181
262543,119953
537915,1586194
392044,11181
270946,44114
270946,18863
406997,19311
1371185,53267
46195,5714
38055,18864
141052,15217
141052,12891
580489,1333
1242011,1393127
1151031,2070453
1151031,2070452
490132,7396
508943,930567
51876,17329
447332,17697
404368,165787
404368,567562
396535,939147
225886,51851
10193,8
49444,142312
44214,6431
259693,2127
75612,86270
577922,525
420817,956
330459,129894
640146,59026
383498,40684
635302,1283010
62835,75035
648878,1145520
10192,64151
48138,59521
615777,136495
639720,17697
13183,15217
1241436,3608245
1241436,2036
986097,1354959
62211,225976
290098,10099
93456,124748
93456,124747
12403,28239
398818,78160
118340,15218
634492,223551
49530,8685
424694,9032
82702,69797
14161,6046
840326,145228
348350,6159
363088,59026
776503,154865
493529,52935
493529,1236679
1949,7467
297802,2127
10198,15810
10198,15811
763215,17597
324849,144816
19913,87742
585083,70652
585083,2093022
341013,40684
427641,132876
307081,20907
23483,957
241554,59521
889737,57130
753342,578
1097549,39847
300668,2036
345887,20907
278927,15277
260514,1443386
8355,5714
1205515,2425998
360920,61300
360920,20503
696506,21684
522938,589402
882598,2218465
335977,366
609681,1795072
985939,90812
22970,47506
331482,45400
80321,18863
80321,18864
80321,12080
381284,1141683
343668,957
359724,366
140300,142312
140300,1262481
424783,1033661
238636,53120
6479,10943
529203,1450348
1100782,2218465
940721,43652
520763,17697
593643,57199
61012,69593
505026,11181
50620,15557
1064028,2263272
363676,190
339964,59
1593,17825
335988,865
337401,15287
72976,488
373571,11012
624860,9340
22832,11266
8363,54733
245891,40644
516729,1717526
310131,138781
698687,84496
399579,2294
514847,79434
484641,59
101299,10943
158852,7087
756999,55499
265208,12786
940551,1092607
320288,11092
23168,880
246655,9032
204082,5501
181533,17825
1154215,1011158
629542,1261455
287947,1302082
334541,30711
38700,1399841
38700,1399842
194662,223
119450,32278
591,6159
20526,86270
91314,865
7485,20907
45612,81850
748783,61411
50619,15557
84892,19311
193756,36602
725201,19272
725201,19271
454640,1245730
929590,2036
917496,510
450465,11614
5559,44114
5559,44113
338970,87877
762441,2580328
184315,11091
673593,1438991
673593,1438990
41446,5140
49519,66193
49519,71267
980489,82194
265195,591600
312221,1056121
10527,18863
10527,18864
920,7879
105864,21198
137113,11694
615656,137467
32657,10965
1083433,1721377
1571,3950
1010756,16938
647245,129952
43074,116805
926393,20907
480530,1551545
345940,12962
460458,100734
2503,25598
250546,26714
451048,59521
44896,1704
55721,116805
28178,5306
695721,10943
73723,124748
760104,101542
588228,144816
10764,12995
278154,229962
249397,42
35,197
1186350,1717375
27578,16483
315837,228134
615453,2367353
512200,51851
274855,8676
666277,2518227
399055,10828
951491,2150
212778,15277
7445,53334
64690,21183
217,488
945729,11181
137106,107446
137106,155267
61791,77357
974576,221522
682507,1668008
1032823,11614
268896,1213074
542178,5655
1417,10828
1125257,1239766
1022796,2375591
1022796,15774
718821,931952
228967,54734
228967,19274
530254,557736
56292,7087
318846,55710
283366,510
214756,52139
333371,568322
507244,131532
395992,125738
81188,151007
324852,8023
324852,124747
13448,6159
458897,9281
438695,52842
1084736,58255
1084736,57558
458723,291263
7512,17403
364689,5714
72105,52139
376867,92784
579974,147021
50014,55789
1034541,933176
82695,70500
752,11266
379686,72024
75780,9033
7446,7399
1226578,90609
1126166,2461
109418,17494
950,5714
22803,37932
324544,4014
661539,366
127380,7
190859,190
333484,20907
1128650,1341
1579,2461
428078,1419579
10528,956
76203,72757
476669,957
308266,57130
842924,551463
50646,56411
50646,56412
592834,13426
353491,74752
1102493,1461490
334524,2945
124905,129894
459151,18864
449443,54868
549509,55493
479455,37932
15512,65630
15512,12080
448119,2945
1724,18865
335787,91268
400155,185438
188927,58189
1042834,6159
447404,65630
974635,564
1217690,1608421
274857,956
395834,1215399
937287,78160
445571,52935
445571,1236679
12429,608
19908,91268
378236,89112
70160,23964
411088,1051305
343611,9181
166424,934803
670292,129894
463821,16847
717930,76422
18239,3288
441130,96676
441130,1782644
311324,607
341174,15890
18240,29214
257211,17698
713704,1398631
1009640,3767680
45243,57130
50359,49903
565770,1500758
64682,6201
353486,51851
254128,132876
893723,1098477
460465,1828590
24021,27571
1402,20646
335797,52842
1271,15217
1241921,1555636
18360,17825
43949,3026
1265,36697
169917,2199
1114967,86626
27576,13015
258509,68573
594767,1302082
274167,74619
1111873,66681
1111873,1039527
274870,77965
263472,16847
100402,19272
100402,19271
308531,1101410
1181107,552390
65754,7467
724495,71947
379149,10702
38579,46076
1267,16842
17578,488
302946,77003
530915,39
1155281,232685
337170,11694
22538,11090
289720,1358976
1083968,1362815
205587,42994
332562,51329
64688,107446
64688,155267
138832,57633
300671,865
412117,124748
381283,6431
1771,4945
59860,56789
1245993,6431
5876,4027
44833,36602
13053,70238
13053,76595
228165,217174
228165,64151
515001,55934
338953,11343
762504,291263
228161,52870
1035048,1921
109414,19274
109414,54734
19994,54025
4982,578
53182,78914
6477,49903
375588,128276
59967,67367
747188,5655
897087,35453
262500,57270
455207,54507
9792,59291
228326,1265056
51739,144476
467244,66728
20504,11448
20504,11447
1328803,54649
576845,11090
49040,19242
49049,43141
324668,25598
157350,17329
77805,109403
77805,109402
37931,62863
340837,1704
937278,12995
1242434,5281
54138,15344
1232546,1302082
508439,225976
385128,58189
399402,1003245
17654,82194
196867,82511
1267905,6737
401981,10943
6557,29214
25793,20019
400535,932533
298250,56501
298250,56502
582014,1252934
957452,228134
619778,2127
1250,16837
425148,1215
587792,1704882
1280450,211659
271718,41039
70578,5572
336843,1179066
877269,227439
297761,19769
2454,5524
153518,1281387
839033,16137
50546,17494
1265063,78160
276907,4723
4347,36588
533642,1480320
7345,4762
241259,26205
64635,3950
473033,129561
473033,227564
282035,15345
213681,53925
614917,1415665
558915,1507725
274862,1218988
274862,934181
116745,7399
774370,64149
760329,227564
87827,1614
848538,957
22794,107446
22794,155267
1337562,1175743
678512,72960
9757,53177
87428,74619
97020,52576
238615,56512
785084,6431
7555,16483
567609,1039527
567609,66681
791177,78160
423204,76422
23631,2294
23631,61847
207932,6159
718789,7929
254320,122423
534,36425
369972,136495
8338,8557
359940,54472
13475,15344
22881,54040
639933,138781
915935,1175620
446894,52845
522478,82511
7191,32278
1071215,16847
522627,956
1125,15557
884605,84416
976893,2303
8909,23430
1233575,1884
396371,13520
68734,880
11631,71068
39514,57270
1041613,856440
49047,11218
342473,1316783
342473,1792483
76617,97026
507241,131532
50544,82511
1114513,63306
62213,510
1562,17597
507076,14597
481848,66193
85889,76965
70435,1884
68735,81850
967847,57193
4922,7467
826749,1211636
76163,12786
511987,59291
170687,1152981
170687,52691
346648,101666
31867,114404
10315,5655
1195506,1361389
1195506,1283526
96721,6159
406990,76927
223702,12080
223702,142587
280217,64151
10140,10781
17979,24
974950,17496
225574,59521
47933,6046
512195,57633
82693,17883
114150,168667
77877,33433
49529,7
72559,54507
1735,18878
168672,17883
664469,17883
365177,16847
346685,55789
372343,74396
338766,3055
614930,1578590
804095,488
930564,1252934
614560,7467
60935,1692687
956,15344
1581,17698
329996,510
299687,111588
68724,82194
969492,125324
526896,125738
1160956,2265584
49730,19850
420814,12995
8960,36602
43347,9181
980026,74752
389015,50767
7551,893
500916,1358976
41154,5174
588648,1078616
44264,1224
44264,1223
407451,929825
211672,8023
211672,124747
44826,1032
32856,1201
71880,17494
534490,77295
12244,71923
581528,1910480
116149,101666
536554,1288796
420821,62854
138103,143059
417870,72024
13483,74569
9693,11218
63311,309
1008409,71872
536437,2294
264644,83281
675445,1098477
246403,19303
496450,1762584
814776,1976040
19901,56501
19901,56502
39538,1884
76757,9339
76757,9340
58574,956
587807,20400
171274,4762
159824,185438
858017,1827119
399035,59521
6637,12962
539537,55075
431693,1745178
431693,587699
739405,956
9297,57193
86834,6431
27581,55710
109424,25598
340102,1053420
175574,8029
501170,551463
13027,40256
72545,132876
20662,578
39513,54733
522681,1306608
1040148,71267
484247,116805
1153714,1292106
446893,118489
49797,69081
107846,29605
50780,1038
4638,11090
73935,57434
9907,4489
238713,116805
459910,1031463
492188,5656
300669,932248
132232,1113116
131634,10943
395990,16847
188161,52139
487558,5281
23759,57581
440,6037
440,6038
752623,931525
752623,174313
433808,141962
524369,47005
181283,125738
147441,578
646389,58324
840430,13235
7518,52845
7518,52870
1106739,190
37834,366
57214,1299380
400160,49903
19912,4755
718032,4762
38543,83730
899112,76927
463272,1220300
677179,135651
452832,23227
118957,64163
1008042,2070453
1008042,2070452
1427,1071
87502,24
314365,17867
399404,36588
290250,1108
974453,95972
399174,5655
500664,2128
9530,5174
88751,9622
1230368,65167
4564,38023
870360,1486487
338967,91268
305470,1099862
40264,35694
40264,35734
12783,73460
256591,56411
256591,56412
617653,578
14113,18357
22787,58498
1079091,88675
68728,7623
103663,4453
619730,59315
491418,74619
227159,74619
619803,2376041
620725,52115
620725,52114
9836,20629
446807,932248
713364,52479
585216,1306608
446021,47506
277216,37932
800158,7467
1372,9181
60599,81856
59859,55075
71676,20193
71676,20192
1249213,54248
80278,51894
203801,956
334533,11154
646207,876
11619,33183
11619,58897
37735,82511
184345,1110102
1330421,1855321
310307,54040
22825,1577
346672,402272
44912,10702
635731,2580328
1072342,1389077
58233,56710
34544,40223
665488,82304
172385,5714
481084,12080
481084,142587
41630,8858
559907,592493
294254,1179066
20453,85675
33217,109857
201085,10828
117263,20907
291870,6733
109428,932248
87516,5281
254470,9281
431580,7881
531309,1362815
258489,11343
12222,71729
12222,8029
46529,40256
332210,8010
332210,52934
721625,62342
513310,40223
59440,77003
6972,6201
734002,1466181
734002,1003237
680813,1148927
45132,15218
512,1243
298,1884
18823,18865
187017,107446
187017,155267
334543,1173102
522162,6046
71668,62797
760926,75711
1272,2034
1285965,136345
390043,143059
21208,59521
585245,68573
10025,18281
901362,118489
9286,57134
400650,17633
698508,40256
136799,64151
13252,16938
41513,1215
316002,17883
82675,75035
205601,1193597
517412,54469
44835,131521
856289,232685
338762,1773871
570670,2128
619264,2374023
614934,6201
913290,84833
35019,113600
137116,12079
258230,51894
579047,1497967
38234,78108
86837,6011
1149504,1224
44048,893
602734,2675
158015,53120
406759,6046
663712,933176
242042,41549
2270,957
396422,1302082
796499,16808
14191,1223175
515195,2034
51828,1176
419680,74619
574060,529184
424139,64141
76726,934803
46146,135113
420634,933176
116711,5713
82703,18898
107985,11090
437342,1706480
77931,1215
57521,151162
414419,138
9339,57370
309304,3289
710295,2128
763285,865
309809,57741
949423,101542
499701,26205
44113,96166
1225572,2056061
381289,5306
581734,1395183
816904,2044869
313297,1033661
8204,54050
39486,2460
109451,1046494
109451,12095
55779,93214
968051,1607672
189,2294
189,2293
328387,142272
328387,142276
391713,45400
12201,10702
616820,64141
446354,488
9408,15774
9408,12905
39053,45407
39053,45405
468224,88857
267935,488
76493,6767
27582,12786
417261,1089653
1136867,2518227
1082195,549310
400928,87742
454294,155531
10074,62854
339988,930710
503919,138781
267860,132239
454527,10491
1100099,77269
3489,18250
592831,1776
232672,57370
539681,89027
256961,58375
302699,57633
103731,71872
19724,52845
913673,109017
259695,880
399057,122423
34016,111686
13811,21085
16871,7623
52449,51851
381719,82511
511809,488
26428,19840
339967,118303
1948,20192
1948,20193
412656,11694
23437,20031
799583,956
80274,13079
117251,6046
4523,15775
4257,12987
539181,1661916
100042,7395
100042,7396
37686,15344
83666,5655
74465,11649
366668,1123657
129670,13235
75638,95320
369885,24
465086,1545927
2309,1978
668482,111807
227700,1263877
230179,145228
458423,17510
371638,17051
333384,132364
8617,45627
109439,57130
556678,937147
14248,89112
68730,1032
157845,114334
11802,71267
301337,13235
294963,1018106
1356670,1208650
406563,1306608
399360,11447
440021,54248
82679,168798
604685,54868
59436,1243
293863,109745
9760,35694
9760,35734
465136,566328
516329,65167
438650,95972
10184,29009
796185,1422940
453405,1614
2359,17087
613504,11873
13207,29922
23398,31024
460019,55075
371865,95901
330483,1777
214,2675
744275,1448492
60304,76927
1087822,20192
2698,4499
22894,116357
43947,88039
263109,1244465
456740,57581
77950,94075
353616,1278722
578701,1215399
68737,130938
630004,54525
243688,57193
31299,93560
205584,21085
415842,84931
58595,228134
222935,1053420
97370,66728
22947,52443
848058,1987284
98357,11448
23827,90591
818397,10702
42194,56998
489999,1932296
51162,16842
51162,227439
397243,135113
45772,12079
9072,35689
631842,11614
1979,20400
13257,50767
45269,70500
51052,208113
17845,82418
43539,455
455476,80577
256274,77147
376290,18844
30239,105866
366672,18898
366672,173394
366672,1535020
121856,549310
15092,20193
15092,20192
97630,14392
7326,52443
361292,78160
32985,69593
57201,1704
376659,52115
376659,52114
76696,562365
14324,33317
116977,43518
568620,57270
157353,559
983044,1099354
820525,1448492
540901,71551
417384,135113
1137350,5655
527641,88675
426543,5306
426543,4945
13809,956
32395,129718
13523,74619
521029,1338249
154400,236859
13836,58375
449176,88967
19959,7213
592695,1202063
15472,19346
460885,1044250
632357,80675
256924,15892
560016,76788
193893,65734
50348,144221
896536,1627142
503736,15217
11665,13426
738652,40223
227973,71729
81005,9032
254191,1290265
458305,1284692
51540,71600
77016,19769
586863,144817
72197,53304
13532,74623
837881,22686
1062807,2666700
385103,23683
388,5281
192141,77147
8321,54472
13179,69416
429422,934803
72331,23430
440471,30058
270487,1223
270487,1224
4538,5655
1164,223
443791,125324
817758,5010
49849,15277
338952,11343
438799,1299642
752564,37626
13885,510
480414,1607672
491283,150098
522212,1144604
257445,65630
586101,1136517
109091,578
1452,9032
87818,52112
87818,9281
87818,7396
87818,11091
87818,2171
87818,32593
87818,15218
87818,1272994
87818,141825
644495,578
16995,17350
14451,76927
41402,32278
514207,80999
8247,11694
811941,1168111
62214,510
13197,137064
504608,974
336882,87877
1246,16483
758323,1299642
60747,8684
18480,6767
4977,40333
62764,56512
11600,1150
7484,7881
7484,15812
447665,41355
9029,56717
308084,118415
404733,240735
442249,1709468
8456,55075
757725,40223
4942,1461
339984,437833
72387,52358
5174,11091
4258,72024
130150,52443
296099,52935
296099,1236679
9959,18311
648579,1211000
498402,62531
474395,1719706
474395,1903167
1991,138
55846,119406
316727,53120
9543,10723
353575,3026
64685,468
1010600,16938
87421,28239
4588,1614
49517,74396
1094274,1180698
57165,66739
12405,2034
167032,65677
531428,68813
41283,66121
314095,20561
12096,17825
10073,35734
74777,551463
600354,1150548
25704,12058
719221,1651531
719221,2093324
22824,62369
94329,142013
7980,108
17431,81850
267999,56206
442062,991868
862965,1099792
19265,1243
1023922,101542
72570,566328
459003,1837958
459003,1823439
28355,54559
267193,18865
1064486,92733
940139,24
14001,2127
5723,45117
1086747,2957803
780609,2036
674324,54472
549053,116805
20766,53333
8329,54525
8329,54526
1272149,1366450
14869,7775
10483,4014
1992,2294
310593,56194
244534,40863
93837,56717
395991,86270
302401,1152
1002155,1186858
1002155,1562429
700391,1317685
700391,1317686
218043,15358
268920,29214
278924,52961
37430,29922
37169,118639
522518,1212755
123103,86500
58224,54050
500475,1527715
5915,2228
375262,122423
41439,2150
994108,586002
3432,3028
1064307,76927
1064307,81397
14299,81727
83542,9340
83542,9339
83542,1071
340666,120615
241257,19840
768362,2093036
768362,2093041
218836,210053
86838,54472
501907,177532
1000837,8574
964980,880
10189,64141
241848,98631
458594,35453
6145,17812
72334,67589
72334,67592
447200,57633
38050,1921
41592,139156
41592,139153
239563,1141683
663260,225407
193610,11151
293670,75915
14325,5501
245916,84931
205775,6159
136797,293911
9992,59
762430,41671
504172,190
3580,190
56288,2294
37958,56512
9955,60922
9955,60923
5125,13079
55301,64151
804150,9281
26320,1614
13967,58137
842675,1100748
419704,20561
47964,12028
10200,55499
382597,37627
352161,56210
938614,1083154
938614,1083156
41733,57130
2044,21031
16996,58552
512895,1218988
359790,76325
12137,63820
454992,1302549
206487,56501
206487,56502
429197,55710
2252,224
493623,1944716
201088,638
188222,183036
50839,556172
809787,19850
381237,1031463
643215,19866
67748,549310
376660,983909
283566,77923
283566,56341
283566,77921
26389,35453
308639,51866
345911,1302082
20943,36797
11253,10828
137094,11181
1140535,1884
10661,17494
839369,16863
41515,9622
501979,15002
127517,82839
112205,59
296098,488
773,16959
773,16960
335360,1363226
13600,57193
80271,229568
843394,1302549
826510,5714
149870,608
1182047,1574550
425001,49903
3021,29605
8848,21370
25132,2294
58151,50767
49018,2127
399170,1884
602269,54040
460668,69124
460668,69125
523607,51329
878361,66121
13223,190
83389,1414
2395,20674
2395,24886
370567,57742
16558,19242
64328,26205
23202,11012
744276,1448492
1302916,1448874
10201,59026
57212,488
807172,64141
8065,36797
19585,84851
491584,96657
10358,19303
71552,68843
71552,68844
72784,82418
38167,52779
24420,57270
11321,20646
535292,93223
335796,551463
41216,15217
2268,3288
10139,5216
38322,61175
11928,1776
23023,15045
186,2291
60308,5345
77174,58897
77174,154705
597208,10828
8055,468
401469,72757
16577,33183
4512,37618
316154,1289604
2253,9032
616747,1059571
400617,4762
210860,508
525661,6737
49524,57270
51588,54597
64686,239571
258480,16863
17379,39819
19898,54559
1212855,1415980
9828,59651
527776,78040
103686,40506
303903,65429
8271,40256
625568,126910
714888,84677
245168,93288
533444,1423660
266856,76998
508763,1270
204922,17608
522931,143059
38317,57370
819876,224
10664,54526
10664,54525
12890,78914
479718,1902848
339877,1466181
339877,1003237
368031,18161
294272,592493
333348,16853
242224,164554
119283,18596
1148713,212687
51608,144590
590223,1851294
601796,119337
274854,52609
40805,201
406761,1239407
4964,41039
374461,5696
602223,1192942
287948,928490
297222,85675
50321,21879
35552,59
10947,65310
52451,4014
823625,206574
38745,65630
872906,1209903
2207,7187
306819,70500
12133,55710
830784,60922
830784,60923
451915,239672
85350,564
71859,83287
136400,67813
13387,75035
265177,143593
360814,1042010
614479,17178
417644,51298
536869,70500
62838,1201
316023,1061773
629176,1299642
663,2675
315011,80752
315011,77921
792293,50767
15255,78108
407448,14392
49520,42994
1125311,55075
1013850,44735
437557,208664
424781,930526
345920,5065
180863,2034
923667,93991
261392,1299380
195589,52934
1120911,52443
334521,137467
660120,71609
9513,49903
146216,15002
86829,1223
86829,1224
49017,1167470
13510,63306
777245,98
44115,2034
26466,41041
47327,27226
455980,1341472
635910,135113
610253,64141
25376,84714
328425,33192
20856,79656
33974,11037
5176,366
2486,25453
4944,1224
4944,1223
1029281,1283814
9986,17046
305638,135340
1381,6431
25195,26481
1020006,1769
27022,12962
13614,2801
111190,48583
457136,1182269
236751,2460
14784,56512
26390,20907
254904,21370
1029955,122423
253412,67813
38321,116357
89708,68994
149871,628
33909,1152
22804,2150
906126,51894
65057,13235
524659,1151353
38087,120572
75174,40223
45317,17883
23629,15217
9906,60237
72710,8685
522016,11092
8461,6011
65759,20629
14306,5065
167073,77269
13680,58375
850165,527607
87093,510
520023,39847
36419,129715
259694,63820
498248,49870
64807,13426
203834,2150
400710,19346
35056,17825
9655,58375
252838,59027
1620,18184
13455,2291
546121,1932296
262841,5713
13688,57607
668640,584191
668640,584193
13767,15045
458576,4014
7840,6046
421658,90812
402897,88926
332567,59521
1491,17329
26388,95320
12526,15175
353070,5367
262551,1067317
262551,1186076
9539,59611
516632,7476
192102,36425
94348,18878
335777,1098477
548473,42175
313922,74655
133805,2836
77949,582918
254473,928490
38357,7017
341012,62863
341012,62854
50647,22214
429200,227564
429200,129561
10053,12786
9904,60207
264999,119665
300665,81045
300665,81044
44943,66739
458253,154705
76285,109857
25846,65314
80035,62854
467938,1607016
3093,30365
16564,80630
109431,71600
14125,8965
838240,95528
46705,139098
854239,1150804
224141,17633
91586,2127
637693,1400404
523172,1239766
365942,36804
39013,121873
31011,107490
1012201,1325228
823482,1280021
325348,1169024
10024,11151
94196,71506
102632,89154
38684,87257
266647,36588
1266,19769
948549,2219327
1738,7256
521777,84416
23172,13581
122081,51918
22843,77926
22843,77923
22843,77921
8645,11614
1127674,1130801
85545,932317
435615,1081445
371608,100734
799155,2321823
33613,76325
503,5231
123678,53296
303991,69371
994143,3607164
798286,1145520
136418,23227
13474,64211
888321,65062
52520,80923
52520,80924
744594,5656
9353,53925
290825,19303
10030,1098
1887,1769
2976,20739
11260,53177
1049942,1725146
96724,36588
15373,22214
403119,100734
22164,58037
371645,55934
68179,1098477
660000,113855
28211,56205
1013601,8246
22215,3224
1289936,133502
1268,16356
10196,11614
412988,65298
575094,1531822
580175,4453
333669,63306
578189,119419
38142,74091
1186532,78040
956842,88967
82654,56661
83899,98631
413362,57113
396461,558929
634528,4746
290751,21807
239571,52405
420622,7312
709631,1364891
399366,51895
228970,69371
365620,638
321258,62768
418078,1423660
19899,12708
319888,974
245703,71872
157433,1290272
157433,1154561
7508,52763
1278263,935123
503346,1670908
581387,1293085
581387,108536
9389,57557
82,638
527729,47826
527729,1397397
18533,21183
23169,16834
296524,36602
37056,17046
220289,146439
39691,132876
9988,52049
966220,3518356
10202,20739
799379,1294527
134374,865
497828,56370
37710,8193
170522,47826
170522,1397397
24150,16848
63492,57199
638965,133398
9053,35452
426563,52803
649609,144816
287903,11012
243684,52443
184346,55499
416477,22215
806,12028
228205,66121
37903,6011
10362,20561
58244,52244
40247,56539
62215,42
321697,2034
68722,4762
59965,6482
197796,8296
551804,54248
15137,77923
15137,77926
15137,77921
959604,54291
555974,62768
97367,139098
3594,5572
16523,5953
589761,562730
394117,118415
446791,578
292011,190
82682,91268
73532,16767
238215,17867
470044,66121
12162,14392
377264,190090
106747,2294
413644,76100
482373,1046225
6589,50582
341006,59998
467632,8676
57876,90591
243683,1278722
11671,90
496,6767
428449,592493
774531,20307
781732,1879517
977294,144221
556984,13520
927107,16938
1160018,2119237
585244,909318
585244,844266
59961,125738
5123,41285
1103621,2730142
82650,33183
132363,20019
179826,7775
716612,225009
912908,1152054
975511,57632
270774,16938
50456,36588
42188,57446
74643,67717
799876,221850
12437,3964
253331,24173
495193,62541
449563,222470
1730,5602
76649,4014
1160164,1556959
4141,24949
323020,27221
396806,8685
23048,3227
24238,92733
2082,16848
9035,15218
272878,52358
399173,1723
9920,13927
209262,1192754
301365,21183
103328,27977
449562,91493
9762,29214
7459,9340
7459,9339
13161,60949
152532,69371
11322,638
463257,1546658
463257,2396600
98567,18897
9796,57082
800939,17510
1255,21684
338947,141962
68727,2034
554241,58375
377985,224221
45649,133398
486131,20400
37786,38023
10781,66739
78381,1776
18405,94108
77930,1884
397415,63423
4517,37630
227719,1099862
115782,64139
9364,71082
387592,7314
14560,52112
11918,35796
20533,8029
11439,3556
807356,1451203
12180,71538
384680,65167
397852,1621354
393345,65677
514921,212240
552178,16863
770906,2182258
882059,1275319
575769,584193
512196,54248
1241634,88800
843843,89628
224746,1078043
41210,60922
41210,60923
45324,37852
4771,880
582,8193
581389,1086497
474335,80215
790462,1045176
12620,66563
505600,59315
20048,3045
932086,1269
461130,227346
425505,1734213
376865,9888
136795,116805
18501,20192
18501,20193
1236419,228643
228066,2291
11699,6818
329833,7399
38810,122423
440161,17496
485296,97555
4959,1071
290595,1454884
437586,21007
454293,72024
46838,52479
445651,142312
12568,29226
616651,17867
193612,59328
13495,127823
280092,2128
440472,17329
81481,1294471
317557,6495
14139,118303
766475,1814510
429471,77357
4413,17016
89492,41039
504827,1815481
504827,1230593
244267,45459
30018,21684
250349,121588
139038,1110102
256040,147021
1059128,78160
300681,6047
404378,1724
676710,57917
1020896,1712237
535581,4429
347031,1383612
347031,1317730
11565,61175
9036,664
13291,6047
23082,17835
23082,1551346
85870,1011158
467012,121798
670428,1038001
49021,141688
69668,53334
227306,11701
1729,18898
398173,42
95610,9158
634429,80752
76025,72757
242512,84962
335778,8300
308187,16808
298312,11614
324542,232959
727340,73249
9767,59026
1273,19499
241239,556172
14435,27226
77951,561061
77951,66191
869626,1540069
302156,81476
301351,1257827
18487,893
356305,17871
12184,71570
41436,20133
77459,65629
556694,20629
74725,137467
369192,16959
369192,16960
531876,21526
10665,66074
413518,63973
333352,13079
42684,6037
42684,6038
17609,42
503838,230437
336011,1454850
616584,2364949
152584,17458
517814,53431
43942,71797
43942,19006
43942,19003
43942,71600
43942,84369
43942,57492
1062215,3288
22972,25598
377273,1016214
22907,97026
257091,52803
7350,3026
624484,1118107
85446,932088
65086,63306
75629,77921
75629,77926
75629,56341
75629,77923
39451,3289
1028196,1934875
77953,6737
444539,90
234004,71269
234004,19499
43593,59291
35436,14606
77866,67813
59962,36425
4513,27571
7516,40223
723072,1129908
535544,1219201
514439,34396
417466,937765
72431,1216147
656663,56578
23047,58498
96936,1769
486589,1922138
80585,20739
8836,12524
57157,52443
72571,142276
72571,142272
673309,909318
673309,844266
302349,66212
315664,3224
55341,56349
7978,4945
684684,1336006
453755,1163460
1472638,120127
1317088,1998600
10007,61894
626735,38673
626735,1074867
12819,61970
502416,55789
22897,17698
1079485,3122176
12572,2245
12572,11091
12572,15435
12572,11448
12572,77301
12572,5872
12572,37630
12572,5125
12572,6495
12572,55785
12572,524
845111,1422940
2284,23539
38408,88967
436830,127823
45756,21440
760161,62768
157354,1056121
539892,1938317
539892,1181022
4148,39
581392,939147
597890,17329
7347,52576
830788,1709460
974036,94471
8328,54507
26505,59
303858,1038
27579,45052
957304,1224
792614,2961514
205022,86783
417830,33183
431530,52115
431530,52114
48988,7395
48988,7396
522924,133502
44865,12453
257088,21673
60307,33183
277834,15810
277834,15811
280996,15557
157851,224
283235,45730
155084,120245
14405,1215
2310,24
12113,578
13389,18250
13944,77162
554230,1579
306947,54025
9788,3227
109410,4723
10521,17046
405775,11694
222936,11649
301875,132964
1226406,55081
3563,17494
119892,93991
466081,40541
427900,1714926
169881,113500
4566,19242
44040,77147
532710,2381662
150117,6733
970347,11401
16538,17871
27573,17167
429300,67813
667216,1081445
72207,52934
975773,1096867
445629,39189
393457,5292
7278,35694
7278,35734
518068,84969
395458,1461
9975,61290
751237,1381495
228194,5306
430231,583479
430231,1074560
1088514,309
11917,2679
99770,64575
653851,1485406
437068,148747
15670,80602
13812,77147
934456,1452383
14564,94403
341895,1171340
431491,66823
467660,1884
351044,24
372411,1229085
109443,55710
203833,126945
434555,102355
1690,16847
82700,11614
350312,147021
1155828,1572120
523366,1090549
834,3950
339259,1002647
438674,1018106
184314,4387
48340,59126
947891,55615
615643,931952
97365,17496
14164,57134
59108,11091
29150,103041
72213,78040
354859,2589
249164,89814
188207,16938
26022,35736
29427,52609
18276,151232
799766,1276373
8054,280
322240,5174
999243,1442069
999243,2682376
487297,20739
347375,36602
58431,58552
397567,84969
103332,16959
103332,16960
45657,11770
292431,14597
326,4755
37933,1414
6973,455
347882,1485406
758336,52413
408648,90367
833339,32685
435800,26760
373569,56661
1262,12995
6575,51851
542224,90609
402529,134129
9708,58689
6537,51894
411728,17655
295884,99388
423612,8193
188761,69309
245842,129952
24253,76325
277685,86688
42297,42745
12573,1224
12573,1223
250538,81437
513434,2130029
1214509,1024298
146198,53333
9726,578
1165,3224
390051,119406
59678,155531
9381,2406
430040,18878
284293,82337
284293,82335
152603,4429
314405,63973
218778,61069
943134,1320870
998846,1137903
227156,13015
274479,17883
801688,1508808
724665,54733
6023,2163
398181,83287
503616,13426
476968,1331465
177494,1224425
10185,45996
145135,116357
14359,26095
484468,2194514
505058,20355
134411,76422
7735,52961
284536,77357
263341,18899
23830,90607
565028,1795072
35690,114597
7183,15890
34769,55587
717728,66212
248574,74623
38778,6737
226857,129718
337674,10491
618588,144798
3683,190
295693,18864
457915,114464
37821,36797
13025,14999
7461,43141
4858,7832
18126,36804
4643,12989
295964,47333
336000,1144604
77948,74924
440298,64194
36865,219647
36865,1247708
1109255,56194
340022,75131
113947,168330
13022,59998
158011,37948
42949,59
489931,859754
811631,932317
102362,19346
145220,26205
339380,51984
266294,168667
449985,77295
331313,54733
48034,19866
480105,100734
13856,75920
82525,1152
62837,1270
532408,1129908
26123,21475
325133,52934
75900,133502
1440,5010
14438,78040
681887,2613318
76489,7395
76489,7396
1646,2163
157547,551463
531499,19769
1239655,1572159
239678,17825
200505,8858
9030,56735
438457,1063311
1202479,2488639
23706,78562
11887,65310
365222,63571
336884,111532
1280672,3191031
9676,1150
121734,1074721
271969,23430
32823,52934
555285,983909
441384,51918
460555,81220
914206,146438
321741,1192754
18476,71329
12163,6431
9766,18500
93828,999760
1056360,1893777
7942,14409
180299,142013
664341,1661862
493551,3288
13001,27745
21407,51023
388399,36602
4688,16391
40807,56661
809140,3505167
27569,56717
432301,96166
465914,92784
438808,208527
765897,94471
4960,202
766798,309
43933,129894
266396,35453
246741,55936
246741,55934
35169,11873
9793,58260
50022,52049
13460,57581
376866,225009
22954,190
1026436,1940991
65055,4755
1206617,78013
164457,65167
8967,30715
4349,36602
323675,20400
284279,142005
10679,66212
241251,18878
301355,72611
298382,3047
976576,1017274
353069,1201
109421,1884
328111,124748
217993,105643
820446,133502
906221,1884
501841,5292
17903,1294627
203739,54050
381890,57607
383785,44916
565310,1371324
9038,7396
9038,7395
973778,1210155
9870,52934
630240,1392433
87499,933739
64639,21526
6877,46076
399363,223516
446101,96172
44603,190
272693,991868
152760,1461
198277,45117
369883,52112
14047,5292
59861,31
55720,3288
168530,20400
462883,88077
452773,1074721
399796,170820
354556,232858
513691,77295
869291,1503538
426426,11218
54318,46297
75674,293911
129139,465763
71688,71068
70695,559299
13515,59291
17335,80747
454458,12079
285783,24
9963,61087
470229,585934
470229,1397786
470229,585933
34803,58689
22971,5306
345914,1085179
339397,1243
340674,1194907
392982,68215
663870,1012
551271,53348
354861,5387
32740,1032103
26171,64045
140818,225814
583406,1140231
172391,1199049
300673,50767
449924,63571
418437,1899
1029235,84697
4723,1577
44945,14409
646683,93151
24418,3289
9969,61175
16007,46366
340945,16214
1378,17114
26688,130837
27586,98521
316152,23964
1247,380
579583,41039
480001,1198724
1163258,99710
5038,1243
199373,1179590
623135,583166
88794,190
12289,11401
8676,17167
384682,60923
384682,60922
112336,8686
34480,1114
242090,82226
210479,23227
1251,190
282984,1243
68812,81476
458737,1035
335788,93214
309886,58324
392572,1603696
245698,9181
38319,64141
599975,1346242
14098,54839
513045,71280
97614,15115
1244944,59521
273895,929825
242095,125324
844417,17016
370755,4429
14756,63571
2728,23799
283445,1911436
37725,42274
10199,58897
398175,1018106
450322,58005
339103,16666
26963,96676
318781,46680
55787,10943
293768,88084
6615,50767
3509,564
38356,865
13825,75823
58857,17282
86597,59611
416144,1484509
72358,53177
87492,5345
10316,1461
119738,61175
300168,57832
594718,1849086
814889,59291
453201,190
48492,26760
1016121,11873
15213,20006
15213,78009
15213,15780
144336,19769
23514,8966
82825,95510
8090,17812
271674,73460
399019,1769
369557,45117
49494,17350
228676,76462
1016084,1144092
338964,54050
506072,1305412
506072,1305411
12797,508
958006,1242819
13121,57055
424277,27977
41233,54507
86825,10099
80389,589402
15189,109857
1523,17350
802219,1415665
430155,1722417
383809,1295604
338676,140396
151368,118303
18162,11887
16353,57207
16353,57274
153158,84714
345922,169448
100241,1707
445954,78108
37950,58552
38358,120245
220882,1206051
615904,59218
216282,93214
9682,58514
290512,357
157386,930710
528372,144150
528372,1876416
10067,53177
580600,1049952
19840,10965
88036,225556
37034,18899
38363,11694
296360,78188
102207,4275
156700,236539
13813,9181
83686,51996
24115,12648
264656,2176
419478,932088
43959,129952
508935,131301
511322,15557
323272,78040
567604,40684
122857,62941
72113,3556
12177,71527
37495,117794
11199,68573
171424,16847
98548,15345
64720,71872
67660,20400
10748,21677
10748,56710
46528,141169
323661,559861
323661,1423326
68817,53267
73567,15175
581032,25598
231576,5367
397422,1480620
190847,90508
242310,79279
208134,56578
758866,1487492
1167271,57028
457335,1422673
587412,2182258
629017,88832
7972,39996
67913,65594
266285,65879
614939,52934
2447,19850
49009,2690
1259,36693
588921,2267529
588921,57810
97430,150
124459,93419
46261,135601
41505,80924
41505,80923
140823,54040
87496,4135
472451,33192
5820,47640
785663,1191094
446696,15892
1858,865
76494,64045
429189,1243
84188,79434
243940,928915
15616,58712
302429,2216
65650,111699
401513,80999
726739,129952
626872,1059129
590995,82885
256917,934
187596,32593
1989,12453
986070,1919529
986070,1098562
82505,86482
9966,21905
9966,31033
2001,20561
16614,54733
152737,47333
13788,3893
152742,65314
1037113,910328
71864,3290
536743,1609935
182560,144519
87826,57370
70074,1723
440597,26714
986280,16767
109491,2163
64689,37618
292280,72619
284564,16848
523781,109857
48171,29605
77883,22676
864692,35785
471707,566109
8373,865
550231,17167
84329,836732
3902,16863
10118,63713
524247,119419
587496,54697
470878,909318
470878,844266
916405,2294822
121824,26473
157834,280
11835,2127
702525,76100
318917,928146
294016,6737
466622,67356
11652,21673
74534,18844
34647,14597
380124,80602
11172,18323
67308,548481
693113,17211
446159,1016214
446159,1016229
749274,190
413846,81476
48231,224
190955,19866
84341,930710
12193,71600
586353,2237403
524348,19014
84174,217587
326215,57917
377447,110511
401898,71609
257440,12708
101173,5469
9293,31024
9900,60149
13056,56359
14144,2223
829051,1405645
82990,142272
82990,142276
780382,49870
504562,819
12271,37852
13805,35734
13805,35694
34653,120615
44982,47786
1691,16847
429476,995462
23742,19303
777270,11181
74387,71280
359412,30058
18947,7018
425336,15602
252171,1289604
227348,54248
728949,177532
192577,70100
7874,53267
13576,65310
351819,1110102
250734,4453
993784,84617
581526,75918
13310,74396
57431,64141
41556,53276
575322,3183304
554596,79002
500852,19850
9044,8300
70436,11266
375867,37872
418879,1224031
539565,1176379
60243,229931
49022,65734
13275,58189
13490,72024
21575,17496
255343,40541
779816,12995
4953,201
571384,131873
49950,143079
256474,57082
28510,62941
2266,21678
2266,21126
2266,6220
2266,21768
2266,90
2266,5140
2266,11218
2266,16927
2266,1357
2266,2163
2266,5877
2266,13235
2266,8574
2266,21681
2266,21771
2266,1071
2266,5216
2266,1223
2266,1224
2266,21769
17610,1524
262391,225142
8285,2293
80280,54526
480042,27846
1058694,931327
411019,40312
105001,137143
627290,2399829
627290,2399830
139567,9556
3638,33433
283552,139098
429203,592493
238603,1101410
864168,1215038
10488,66218
10488,66219
964960,107730
21724,59229
315064,66190
225728,549310
226486,170820
2977,29226
10760,54597
88005,71551
1975,20310
586810,2070443
59981,15780
271714,46588
5375,42994
11908,70890
246080,17350
103370,80602
414453,1555636
157841,2419
44571,64901
330947,30715
336004,90812
57089,108952
146238,144221
1494,607
27583,5656
38303,58375
592863,1966571
109099,1150
241254,1024823
10761,66548
14059,61244
553141,1113259
164558,57492
351211,98631
464502,80602
8279,17520
73499,7865
146301,995462
83770,8574
44629,114334
432602,1260119
432602,933761
12404,564
137093,12962
567646,1456792
179144,56194
745611,72266
443319,1324390
16290,56578
988402,1453110
869612,1035
25602,78108
22536,10099
353569,89576
282631,1049134
2312,23799
1235499,1193602
1006462,99096
27584,98537
132344,564
391714,1539858
784651,35785
14434,2632
169209,53935
340676,21678
1717,2260
49527,72344
473149,119419
340101,1176
340613,93237
31203,64575
253414,8246
1683,2042
25741,73094
25741,592701
632617,17439
949229,1592411
42888,3388
440762,19303
38843,1223175
15268,10765
13051,12028
55347,17439
257785,71570
1084863,81044
1084863,81045
487680,989235
398174,2291
279641,56411
279641,56412
19833,88926
55420,45459
1379,16767
49526,508
62206,91268
34806,113225
519010,309
202575,76100
12837,71947
529485,77003
55465,222470
415214,81220
560144,128636
1051891,1585080
115348,36797
22820,53925
10197,17633
294652,1299642
137321,5575
9718,55710
239562,80602
399121,3556
572164,2206352
975056,72960
619592,41887
363579,69081
8457,32593
77495,54525
18925,78040
10288,64754
24803,9248
6538,5342
102001,119294
1020414,1482026
374458,20657
323677,2042
9952,6818
1781,19012
16873,80949
479226,144195
13195,28898
13249,77458
112949,5306
730047,36588
323676,170820
382322,90367
850028,19774
423899,3224
340176,67075
451184,21678
375794,79002
763329,118415
61984,43652
239566,55789
256962,72960
43923,53069
43923,53068
9656,58403
9957,17494
246860,21678
45658,133406
696157,51864
823452,1461
246871,147621
621587,55934
590706,41355
416234,56501
416234,56502
227735,1270
364433,1130801
212716,71280
184341,57454
397837,45419
25196,65167
285213,980218
340487,56383
12435,72205
12435,72206
329981,1174090
87825,4746
1312157,225160
624091,1170104
119675,1884
20829,41039
492611,98521
471474,90367
121835,93286
22798,69597
6933,51445
2179,22301
10294,41671
342737,17439
20083,240150
44129,47333
753091,84969
19556,84834
19556,84833
416186,67717
289222,15287
205220,3224
514619,80602
17436,57030
1152014,1562548
977262,3417
35854,63571
976584,1059578
1000866,109889
11152,68352
664300,1976040
18147,116805
591120,1879192
8885,56198
17927,82511
676701,1074721
523931,210725
21861,229568
293767,1614
9703,58656
82687,29214
437583,580824
45610,12995
140870,1207661
140870,1254045
188166,74655
293646,437833
1093237,1423660
13150,77003
754067,1366309
467909,54507
623511,7746
16781,80602
162903,15557
383709,16863
33196,84852
50357,77123
76544,6384
924482,572295
23963,55189
38541,18184
304357,133502
429202,55493
585268,35785
7457,11151
30596,70703
596161,56789
74513,572045
282813,59290
660942,444892
8880,1884
310133,1293994
38073,96439
290864,70703
270938,5917
225565,1211000
476335,3026
436391,86325
12094,56578
56812,57865
13279,58689
47607,139135
347629,1530530
852438,67717
44147,21217
573164,80740
573164,80739
9829,25598
84334,930708
749004,68813
407887,78866
429416,1241
15384,11401
453191,1801184
453191,1092607
2016,20665
15577,19000
558582,56383
103620,64211
477489,227238
13596,26502
174675,1211216
127493,12786
667717,1490566
56601,56506
9978,61357
477428,95921
373314,432629
760099,1028297
286565,836732
54054,114597
9754,33315
12569,17403
164372,1006810
164372,1150877
292483,168349
13260,65702
24684,1176
84348,141962
84348,1039529
84348,98631
84348,1039527
84348,88556
84348,1039528
84348,40863
84348,101542
84348,66681
94047,64883
25643,62541
364116,100734
9954,16938
74998,21370
1969,20307
1969,20308
73937,5065
78698,29009
429450,240802
195590,999760
41411,21269
455551,21701
22640,77086
4515,4135
197950,1002647
126319,126597
126319,126599
126319,1092607
541660,56194
552269,1415665
728118,4634
9270,67367
332872,309
13493,11873
192558,88800
498743,1310498
276902,1212522
12182,71548
9809,59410
430424,14606
243938,3227
505954,143660
857598,237051
331588,18356
287590,86978
160588,1243
84355,90492
334304,25735
1544,17510
520900,88926
489925,115128
10313,31511
5393,133293
456929,56470
49012,141675
407439,1173102
858485,1752058
107811,52114
107811,52115
339408,77277
82390,20019
277355,84335
333385,79279
71677,5917
403300,30715
602211,1209529
602211,1059588
61891,6046
209451,190
57586,227452
57586,67589
219572,110511
55292,70109
62630,7256
417678,1572145
601844,1276825
601844,1276823
471968,115122
2959,29009
118289,7832
443009,5216
286567,130837
567690,19311
227707,558177
12690,228
302688,64045
16140,46366
239573,1375201
269148,84426
269148,84425
245846,219961
272435,48583
8944,8246
76758,607
295699,564
171372,83281
10523,1152
43552,37948
476764,52443
381902,93991
19904,45627
535845,4499
41517,126765
192145,455
382614,930707
147773,105648
147773,161932
788929,2683196
514277,2008298
81025,5306
14148,65994
336050,1454941
7979,12995
812635,166461
14636,83985
779029,20640
779029,26760
779029,81220
13335,68844
13335,68843
8988,2836
434355,1077537
292014,1404563
13668,6340
820697,1702466
77878,59
452507,1323509
46420,136345
309242,53069
309242,53068
11170,36425
393519,1392433
23538,1294627
567598,172
51017,80602
33511,1137903
50204,4610
117691,85670
8952,56411
8952,56412
437109,548646
300693,20204
157849,45052
517116,1317685
517116,1317686
719256,844266
74505,26850
300602,1074721
62046,18898
492452,3290
244539,67360
252512,5656
409502,125637
345923,12995
1016848,2169945
1016848,2188719
12556,54050
340485,71082
301348,916958
300667,285385
1819,19271
1819,19272
333667,12905
12246,130938
44718,58292
401545,229931
414001,76998
10758,66496
265712,43652
265712,1311591
39210,1769
44560,1287732
467952,168330
330764,107490
75761,58245
38780,23799
184098,20400
14423,109692
104755,16848
13256,77658
348892,85048
351694,1490566
52015,87082
186992,238384
1019939,1689814
346646,86325
123105,8246
452557,78871
60309,4135
17332,36588
77234,145867
275601,16294
9697,11614
244403,3905
9075,10491
497814,11266
291328,6449
593395,129627
593395,129628
199534,59998
48838,34510
80591,3125
211954,239574
148284,91552
53172,103150
428836,142687
432068,84425
432068,84426
942922,1983503
16450,15335
394741,76965
391698,6159
96399,1580896
2355,24173
442065,16829
921452,64210
254201,206476
13184,31033
13184,21905
4597,41671
2239,3055
659991,19655
24438,18323
241258,132876
659959,4387
306745,71548
164251,1011
814757,39
659940,114540
419709,564
983883,1576757
420648,57865
39781,75699
221902,56209
221902,45138
257345,59998
304410,85340
24469,71082
13312,81045
13312,81044
526019,61069
84199,30368
19905,57692
398929,1186076
502682,971660
11323,1884
27585,17114
290764,568279
980078,3122176
328589,55476
29426,14999
199575,1323509
38407,29605
79224,1049134
963765,309
59968,130816
13972,76230
31162,107720
31162,107721
6968,15868
48289,18844
10317,64141
472454,1876416
526050,84124
335462,78871
370665,86783
589049,1572145
20178,95024
44564,6159
326423,72024
49014,224
935906,1736559
525660,125101
8915,6495
10069,62768
13092,74159
949484,78108
296100,56661
535389,1139243
58232,78562
573699,2217620
573699,1665497
192136,71570
539651,72034
84175,223516
291351,5216
14202,96166
333596,909318
333596,844266
959092,18184
146227,61921
61202,80386
50725,71280
338189,143593
455957,1150
333386,109439
660360,1049134
603206,1216417
434119,1863287
174751,77003
205588,113600
21345,79153
88273,74752
204435,1032103
442064,132239
56780,73035
390497,1135240
146239,1375201
7211,3290
429733,84335
13751,109640
313943,1404614
284296,2632
437103,68905
395993,64141
326285,3061
13477,16837
1088096,1714926
187022,24011
152748,592493
2196,7908
264419,80740
264419,80739
566927,99410
448779,1049951
615952,20561
44638,16391
846867,7727
16710,80602
486898,1520165
1407,16919
2274,133635
244566,17884
222899,3227
376453,1144092
199420,19000
77987,21183
489929,82937
37861,21183
17483,81963
517093,1315004
270010,1071
244264,90492
44716,1011
22821,54795
965890,1473453
347126,937340
50837,527607
291270,202
291270,1019303
223485,1062805
43935,19499
413052,236013
402298,8843
77875,20646
14353,2675
17202,80602
70868,32983
986054,1782117
986054,2710094
14799,13524
14637,21526
249660,937340
133694,5216
4169,21807
81446,591963
241771,71947
373200,1065761
823951,1002647
605804,585785
605804,2325400
10253,64331
76349,2087969
76349,18897
76349,560190
123109,45996
464504,80602
196024,206476
852247,1659144
252178,208527
13243,65377
41201,21768
960876,85675
169813,1144604
157544,20193
557950,1193602
157370,1138699
432527,42804
602545,1563462
22327,61069
15019,57434
7862,15115
63207,17597
82532,45407
82532,45405
489064,16848
9815,59521
70590,86783
232572,29009
11499,6159
477510,77089
8998,56539
82696,5065
92591,564
45094,3417
219,309
337844,17051
58428,101542
121677,6495
48303,119294
424998,94471
1016346,1065384
48572,19303
271404,128636
81836,1243
559957,564818
1534,29922
67675,101518
53487,56194
288158,212240
75622,34110
21755,67367
335791,25873
271706,1323609
271706,1608969
14424,5128
76487,62768
8398,54827
9664,57138
551808,1031943
7737,52968
28089,34110
339419,71872
17134,16938
37414,172
1001026,3627552
1001026,24886
268238,18844
144340,3289
36691,16304
36691,16305
253235,3026
297725,280
18781,63303
185341,54525
977506,4387
758891,1627287
43919,70890
198185,50767
273899,6046
308638,62763
14043,41549
19486,63429
185008,87378
37565,56710
37565,21677
229297,1243
492565,7132
397722,1620987
5708,45052
73873,77162
192134,44740
373449,91552
416160,141963
960258,1088096
8079,8311
72478,566109
18032,36697
28665,101518
152747,556172
10186,57630
976293,1262727
204436,1186852
17606,36693
592508,86783
254905,64141
209274,64194
44754,30711
771077,17520
15208,78001
5172,41887
244772,303056
9615,58189
43930,1707
88042,58375
314385,11701
12763,60024
102780,17016
24804,92657
60420,132964
109417,1046142
81870,26760
41110,78160
85985,85048
13960,1748949
589754,115122
94901,1090812
455714,1197896
76170,366
22805,89395
690957,237051
157847,64141
426613,1285174
336804,1128442
10946,67589
10946,67592
109513,51298
14788,1884
33273,74943
510298,1369361
375742,1557607
234212,223098
8270,2199
340103,66074
36683,81355
24432,53332
518764,1068848
8875,42712
342521,136153
393559,588869
13177,56778
407890,586002
209403,23532
428495,119293
28205,137787
8780,14172
127373,101444
127373,101446
17501,78916
42296,142276
42296,142272
152259,16829
517991,1024391
534780,85665
320588,22215
167810,30614
325789,144221
602666,1065761
164331,42309
58882,39819
14326,5369
7304,19000
12412,5281
1441,5696
553147,95101
236735,6521
84332,930707
325346,17697
14976,16294
655082,1422940
19255,39
252607,113609
859235,1243
12834,1462
9022,56661
982271,971660
283587,87257
7511,3417
13956,76100
37080,77162
280795,87550
331836,1067317
331836,1186076
10090,59413
302528,56205
347026,1193597
8265,37627
309302,2352
628241,116923
38150,87213
266639,54507
9262,21792
9672,32983
722778,56194
157829,1167896
79694,587800
84305,3224
18320,69371
152599,20561
336029,524
253161,108346
51200,78866
38031,1243
69798,1218992
41479,126910
20825,54645
22074,17087
712454,1801184
297806,15219
14223,119665
32909,46325
613377,1186075
339927,20400
92182,640
127560,97942
405882,73409
43931,5140
97512,357
158426,21002
500006,79322
15152,67717
67911,66512
6687,37948
848685,96690
398177,4037
84336,76998
512263,930012
29963,10757
101669,2675
883502,139558
17532,65817
1852,1152
258216,42
41109,78916
110402,270361
49010,141673
810389,1308756
477462,1168608
377587,119419
44009,65452
13059,141963
13059,141964
13059,141962
253450,64992
211067,101542
534259,6220
81401,85637
9997,61763
23049,18281
956964,1930032
800497,1448874
508791,45419
52077,37627
50601,16938
329805,64210
4351,16395
299824,232685
1450,21931
8088,309
265180,68519
209185,20173
53174,1844
51241,143593
27936,2419
124461,38803
688258,1670908
44877,76242
833417,1721013
613090,102329
66120,18175
291984,143593
635891,19303
38033,119419
13159,1201
357940,131301
743563,1592411
232679,52038
431017,9888
965791,84426
965791,84425
18897,19359
53457,144519
308453,1063377
1026227,133214
70586,131413
618326,2108378
31060,144194
286554,1368144
111479,77121
182,1884
344268,1366322
46829,137475
459202,80602
61667,69488
13067,30368
1116,15488
451945,17387
126250,1011
145197,76624
16991,54710
506680,937340
451955,4387
408266,1921
714869,225142
252680,909318
252680,844266
46138,24248
2013,7482
57119,225556
371560,1545927
336808,122785
621191,2380389
14070,81085
26367,80602
77117,84976
505513,1065761
241868,45996
343795,41887
595975,932524
439154,76832
533991,1825234
611408,1067317
399031,6011
318850,110618
303542,55916
244049,1130914
397538,118606
7916,23799
575089,607
449927,548474
449927,1002598
1008392,20400
307946,108926
348668,95972
340402,109692
10425,27846
9785,3893
29826,104987
248705,64909
127501,119819
116613,41530
10900,14800
2269,23430
652004,1416383
396321,142138
396321,1100340
362045,42804
13973,9048
13996,77121
59963,57082
118628,1068112
989672,19937
13848,27991
607430,1206827
426030,33315
23367,18342
348537,27449
17680,1884
35640,114464
13635,58324
9950,39996
9526,9789
338065,80386
503314,1057579
2295,19303
718840,1286553
718840,1286552
13948,12987
441909,1561054
37905,119194
37905,119195
62564,235539
123377,1188
824016,3556
63574,18342
463319,607
1115623,1069627
14536,130128
49852,58728
12645,67813
433356,52629
152780,229931
79553,148747
6639,10723
801112,105866
507505,1079506
404791,88792
404791,74730
376166,24485
378107,933308
378107,1091857
46332,72320
157360,25703
289269,21931
332794,69987
8316,1146
79316,1039527
79316,66681
312669,41670
121642,2166
664332,42804
1252,16829
352173,229252
14171,11472
396616,79322
109729,1035
2357,11887
89008,173667
624779,1194699
26820,33315
1919,98
38448,17016
17456,23799
310121,932759
130739,20267
1229349,1627287
892515,932524
582186,1412730
438740,143696
250124,177532
15772,78747
67109,231568
325173,78108
16727,6495
13258,52842
236737,27449
146304,72024
5857,49281
615115,1200541
374416,120127
12165,273
34563,51866
299245,1401541
299245,1401542
644124,2445455
12473,17867
177699,81809
7859,53068
804251,1748697
111237,235417
14396,56911
477044,222686
36939,132572
37221,80740
37221,80739
368942,93911
286521,33315
41211,8392
139455,30058
175555,80602
159014,228643
35026,35959
97006,80602
54518,54507
7913,53671
175528,109692
989596,71307
5951,19852
79120,586002
18615,67795
90369,17510
286709,65994
1035806,2613318
50618,235112
45272,129718
434358,24891
10187,64139
248774,1284099
7797,1776
309425,94471
415381,1677544
415381,1008387
661791,54526
9895,8246
1950,323
447856,85530
230266,11916
245775,72327
66195,550681
2335,21647
16555,80602
668742,10847
1590,1128
24528,91730
496328,85675
15362,58324
137548,587933
7944,1032
337154,71551
24271,18357
380762,1178850
380762,1571470
380762,4643132
157827,71609
576071,109017
174733,143658
5126,736
601165,1358800
204668,139818
16221,80107
59429,229359
960206,1292227
331190,52094
575828,143696
186161,212080
577028,227672
9842,57130
35688,80602
77221,2352
509853,29783
468816,1272703
38568,109402
38568,109403
919573,16269
400728,87322
10503,65452
145247,74730
11515,3974
376812,1561054
300153,45052
6691,51116
60422,96172
55725,17867
57276,2303
1048522,1086529
13637,17282
11798,70520
12795,40440
121826,4483
592279,583731
78206,20709
78206,20659
20359,87713
4787,1243
55890,151017
14655,72024
14400,69987
13158,74341
13158,74339
9520,57810
9310,3289
215211,16919
326284,5917
15742,81078
15402,16378
14220,66563
517302,2020204
74536,53935
8618,55476
62008,80602
13173,22214
47760,5216
559974,92831
338517,230715
788977,119293
14073,78751
48415,223693
921785,1314015
134126,1294126
1988,172
517331,96690
289143,1539930
491625,80386
14123,129952
51497,58189
98344,85337
38542,111588
50987,126971
25137,37710
268660,1066405
735697,133398
437297,1681183
19100,84426
19100,84425
300,201
25597,94003
258086,74661
505436,225142
91070,59218
201749,18903
8942,56383
7510,52779
457435,64575
8669,10395
836202,38883
12621,41549
8883,56195
206296,2163
582873,149265
280690,35086
13251,1035
10188,64140
39800,66605
392794,1605612
253279,74638
582206,57558
582206,58255
73939,472630
694919,16479
115210,78545
61404,77008
8453,35784
417670,56194
229296,54507
1241674,1349785
57695,20556
79464,71276
214209,1203347
160704,86325
57353,57082
376565,239162
13196,9994
238811,17295
13728,14606
13198,74272
206324,53671
244610,1284498
16911,80999
98339,545229
184219,81251
79777,11701
214086,76009
